BusStopCode,RoadName,Description,Latitude,Longitude
01012,Victoria St,Hotel Grand Pacific,1.29684825487647,103.85253591654006
01013,Victoria St,St. Joseph's Ch,1.29770970610083,103.8532247463225
01019,Victoria St,Bras Basah Cplx,1.29698951191332,103.85302201172507
01029,Nth Bridge Rd,Opp Natl Lib,1.2966729849642,103.85441422464267
01039,Nth Bridge Rd,Bugis Cube,1.29820784139683,103.85549139837407
01059,Victoria St,Bugis Stn Exit B,1.30075679526626,103.85611040457583
01109,Queen St,Queen St Ter,1.30358577565355,103.85650372998224
01112,Victoria St,Opp Bugis Stn Exit C,1.30009212839081,103.85520027125814
01113,Victoria St,Bugis Stn Exit A,1.30117297541547,103.8561140106393
01119,Victoria St,Aft Bugis Stn Exit C,1.2996041093804,103.85512934079571
01121,Victoria St,Stamford Pr Sch,1.30393809691048,103.85867999243207
01129,Victoria St,Opp Stamford Pr Sch,1.30350269187301,103.85864530718491
01139,Nth Bridge Rd,Bugis Stn/Parkview Sq,1.30033057855542,103.85716080665901
01211,Victoria St,Opp Blk 461,1.30551803523268,103.8605449516032
01219,Victoria St,Blk 461,1.30526598535719,103.86072019914616
01229,Nth Bridge Rd,Bef Sultan Mque,1.30337552638813,103.85963089198265
01231,Jln Sultan,Opp Textile Ctr,1.3032499999752,103.8610830559663
01239,Jln Sultan,Sultan Plaza,1.30291236608351,103.86161817611134
01311,Kallang Rd,Lavender Stn Exit B,1.3070916463394,103.86219695240973
01319,Kallang Rd,Lavender Stn Exit A/ICA,1.30757426746418,103.86325596123476
01329,Nth Bridge Rd,Blk 8,1.30495670239172,103.86363028484124
01339,Crawford St,Bef Crawford Bridge,1.30774601733202,103.8642627465441
01341,Crawford St,Southbank,1.30647555600578,103.86452527798744
01349,Crawford St,Opp Blk 4,1.30568635716829,103.86543994417883
01411,Beach Rd,Opp St. John HQ,1.30211332865049,103.86295598167331
01419,Beach Rd,St. John HQ,1.3020199999911,103.86326333301203
01421,Beach Rd,Opp Golden Mile Cplx,1.30338444400173,103.86483888898641
01429,Beach Rd,Golden Mile Cplx,1.3032136089394,103.86501584807763
01511,Beach Rd,Opp The Gateway,1.29919826103807,103.85864518302436
01519,Beach Rd,The Gateway,1.29907492488417,103.8589102973441
01521,Beach Rd,Opp Plaza Parkroyal,1.30088304437602,103.86066098182194
01529,Beach Rd,Plaza Parkroyal,1.30041667676526,103.86044115259938
01541,Rochor Rd,Bugis Stn Exit D,1.29886465442254,103.85734583628746
01549,Ophir Rd,Opp Duo Residences,1.30069868861162,103.85873120467069
01559,Ophir Rd,Landmark Village Hotel,1.30168731070562,103.85752923961614
01611,Beach Rd,Aft Raffles Hotel,1.29527259171342,103.85533686181174
01619,Beach Rd,Esplanade Stn Exit F,1.29428694178246,103.85503809424233
01621,Beach Rd,Opp Shaw Twrs,1.29695888888745,103.85655611109846
01629,Beach Rd,Shaw Twrs,1.297085,103.856894
01631,Middle Rd,Aft Beach Rd,1.29693614589482,103.85580555528077
01639,Middle Rd,Bef Beach Rd,1.29738750001468,103.85557583297624
02029,Esplanade Dr,Aft Esplanade Stn Exit D,1.290106,103.85464
02049,Bras Basah Rd,Raffles Hotel,1.29452091230981,103.85402155505173
02051,Raffles Ave,The Float @ Marina Bay,1.289503056,103.8590339
02061,Raffles Ave,The Esplanade,1.2899638888957,103.85640388886262
02089,Raffles Blvd,Promenade Stn/Pan Pacific,1.29152694444975,103.8592061110504
02099,Raffles Blvd,Marina Ctr Ter,1.29147264805943,103.86148558380779
02101,Raffles Ave,Aft S'pore Flyer,1.28938483786533,103.86183148116275
02111,Esplanade Dr,Esplanade Bridge,1.29095592348389,103.85453419435228
02119,Nicoll Highway,Opp War Memorial Pk,1.29184407356581,103.85534334305085
02141,Temasek Blvd,Suntec Twr Two,1.29576571603037,103.85933814632858
02149,Temasek Blvd,Suntec Twr Three,1.29560459817725,103.85955533029184
02151,Temasek Blvd,Suntec Convention Ctr,1.29317776320814,103.85784623004031
02159,Temasek Blvd,Opp Suntec Convention Ctr,1.29360811227161,103.85840672828635
02161,Temasek Ave,Aft Promenade Stn Exit C,1.29268553508737,103.86093156188176
02169,Temasek Ave,Promenade Stn Exit B,1.29333836780589,103.86070849052753
02171,Temasek Ave,Opp The Ritz-Carlton,1.29070000003898,103.86092194446034
02181,Parliament Pl,Supreme Ct,1.28947444402148,103.85098166700017
03011,Fullerton Rd,Fullerton Sq,1.28561840945474,103.85342223246427
03019,Collyer Quay,OUE Bayfront,1.284245000013,103.85310805599599
03021,Cecil St,Prudential Twr,1.28255524603003,103.84998903789258
03031,Robinson Rd,Raffles Pl Stn Exit F,1.28207492207952,103.85086074925066
03041,Cross St,Telok Ayer Stn Exit A,1.28179509394707,103.84893207391676
03059,Raffles Quay,One Raffles Quay,1.281111,103.851461
03071,Robinson Rd,80 Robinson Rd,1.27990609626764,103.84940030424481
03111,Robinson Rd,Aft Capital Twr,1.2778259536079,103.8481011719729
03129,Shenton Way,UIC Bldg,1.27807003532092,103.84956718123823
03151,Cecil St,Opp GB Bldg,1.27892124625262,103.84776234627124
03217,Shenton Way,Opp AXA Twr,1.27552218897645,103.8479443674916
03218,Shenton Way,Opp MAS Bldg,1.2740788888387,103.84687388890413
03222,Anson Rd,Hub Synergy Pt,1.27397836925637,103.84489562922414
03223,Anson Rd,Tanjong Pagar Stn Exit C,1.2757033952327,103.84632468221952
03239,Shenton Way,Shenton Way Ter,1.27464226961973,103.84756721372408
03241,Anson Rd,Mapletree Anson,1.27456,103.84537
03331,Marina Blvd,Bef Marina Gdns Dr,1.27663307202767,103.86076808024792
03339,Central Blvd,Aft Marina Gdns Dr,1.27498516412784,103.85950016250487
03341,Marina Gdns Dr,Bef Gdns by the Bay,1.27959780011944,103.8643376844082
03349,Marina Gdns Dr,Aft Gdns by the Bay,1.27965600609923,103.8647780795552
03361,Marina Gdns Dr,GARDENS BY THE BAY STN EXIT 2,1.279917,103.868895
03369,Marina Gdns Dr,GARDENS BY THE BAY STN EXIT 1,1.27960772061959,103.8698744774074
03371,Marina Gdns Dr,Gdns by the Bay,1.28066479303461,103.86626955523418
03381,Marina Blvd,The Sail,1.28162601329006,103.85306513725685
03391,Marina Blvd,Marina Bay Financial Ctr,1.28037660340352,103.85498006767988
03411,Marina Coastal Dr,Opp Marina Sth Pier Stn,1.27159299884076,103.86300900488229
03419,Marina Coastal Dr,Marina Sth Pier Stn,1.27127698470973,103.86297693157816
03421,Marina Coastal Dr,Marina Bay Cruise Ctr,1.26694090294712,103.85964778134667
03501,Bayfront Ave,Marina Bay Sands Theatre,1.28500467671367,103.8606110538643
03509,Bayfront Ave,Bayfront Stn Exit B/MBS,1.28314999997332,103.86004388891767
03511,Bayfront Ave,Aft Bayfront Stn Exit E,1.28194779470571,103.85897064872482
03519,Bayfront Ave,Bayfront Stn Exit A,1.28124500000125,103.85884799997385
03529,Central Blvd,Downtown Stn Exit E,1.27939957419063,103.85278769921703
03539,Central Blvd,Marina Bay Stn,1.2775330547661,103.85561610012866
03549,Park Street,Shenton Way Stn Exit 3,1.277728,103.85045
03579,Straits view,Opp Downtown Stn,1.278832,103.852918
04019,Bencoolen St,OPP BENCOOLEN STN EXIT B,1.29807216909408,103.84975607305783
04029,Bencoolen St,BEF BENCOOLEN STN EXIT A,1.29948166696821,103.85092666701239
04111,Stamford Rd,Capitol Bldg,1.29395444170081,103.85139096636622
04121,Stamford Rd,SMU,1.29618544092334,103.84958029974611
04142,Hill St,Armenian Ch,1.2930982644668,103.84965994500728
04143,Hill St,Stamford Ct,1.29411640848293,103.85020606905503
04149,Hill St,Grand Pk City Hall,1.29276132399953,103.84983741344308
04151,Victoria St,Cath Of The Good Shepherd,1.29533777799211,103.85113972198121
04159,Victoria St,Aft Chijmes,1.29489484954945,103.85108138663934
04167,Nth Bridge Rd,City Hall Stn Exit B,1.29250006522444,103.85145315468638
04168,Nth Bridge Rd,Aft City Hall Stn Exit B,1.29208221483052,103.85125994680256
04179,Bras Basah Rd,Aft Bras Basah Stn Exit A,1.29647916306741,103.85147164487202
04211,River Valley Rd,Clarke Quay,1.29043611099357,103.84712444398055
04219,River Valley Rd,Opp Clarke Quay,1.29096802754795,103.84686777836987
04222,Eu Tong Sen St,Clarke Quay Stn Exit E,1.28898962180798,103.84708976365569
04223,Hill St,Old Hill St Police Stn,1.29084476137495,103.84857901022669
04229,Hill St,High St Ctr,1.29044830830726,103.84875123545265
04239,New Bridge Rd,Opp Clarke Quay Stn,1.28882717929599,103.8474938118651
04249,Nth Bridge Rd,Opp The Treasury,1.29043039362749,103.85026216508201
04251,Nth Boat Quay,Opp High St Ctr,1.28973833297563,103.84888472198024
04311,Clemenceau Ave,Aft River Valley Rd,1.29464575337351,103.8439214229312
04321,Clemenceau Ave,UE Sq,1.2921400077773,103.84303646191061
04329,Clemenceau Ave,Opp UE Sq,1.29197057108024,103.84328384973516
04331,River Valley Rd,BEF FORT CANNING STN,1.29183939431601,103.84504089382705
04339,River Valley Rd,FORT CANNING STN EXIT B,1.29221099996741,103.84500500002959
05012,Eu Tong Sen St,Bef Pearl'S Hill Terr,1.28154583300728,103.84087722199499
05013,Eu Tong Sen St,Chinatown Stn Exit C,1.28406979945936,103.84299874303983
05019,New Bridge Rd,Aft Duxton Plain Pk,1.28118388885484,103.84105000000471
05022,Eu Tong Sen St,Aft Chinatown Stn Exit D,1.28571089865595,103.84437203405348
05023,Eu Tong Sen St,Opp Hong Lim Pk,1.28692928357498,103.84540375642477
05029,Sth Bridge Rd,Boat Quay,1.28712283362119,103.84819780822524
05039,New Bridge Rd,New Bridge Ctr,1.28293819129834,103.84254276754574
05049,New Bridge Rd,Chinatown Stn Exit E,1.28531114761754,103.84455070696784
05059,New Bridge Rd,Hong Lim Pk,1.28676420118491,103.84575036447065
05069,New Bridge Rd,OUTRAM PK STN EXIT 4,1.28027629959632,103.84029791443083
05129,Upp Pickering St,Opp One Upp Pickering,1.28601166699569,103.84634666701143
05131,Upp Cross St,Opp Hong Lim Cplx,1.284073056,103.8453381
05189,Sth Bridge Rd,Opp Sri Mariamman Tp,1.2820913960391,103.84528061446953
05199,Sth Bridge Rd,Opp Hong Lim Cplx,1.28451455846092,103.84666049314171
05239,Neil Rd,Bef The Pinnacle@Duxton,1.27854113014976,103.8415105424013
05241,Kreta Ayer Rd,Opp Blk 333,1.28071988238536,103.84227488654868
05259,Neil Rd,OPP MAXWELL STN EXIT 3,1.27979447837032,103.84262707605177
05269,Sth Bridge Rd,MAXWELL STN EXIT 2,1.280894,103.844567
05271,Tg Pagar Rd,Opp Fairfield Meth Ch,1.27975329525167,103.84382212419122
05319,Church St,OCBC Ctr,1.284437,103.849114
05411,Tg Pagar Rd,Tg Pagar Plaza,1.27519165673078,103.84309190393883
05419,Tg Pagar Rd,The Amara,1.27470669455555,103.84318683838887
05421,Tg Pagar Rd,Aft Craig Rd,1.27777470568529,103.84346347289251
05429,Tg Pagar Rd,Bef Craig Rd,1.27769413050075,103.84370654372525
05431,Hoe Chiang Rd,Aft Tanjong Pagar Rd,1.27408,103.8420461
05519,Cantonment Rd,Blk 1G,1.27553472200739,103.84112694400494
05521,Cantonment Rd,Maritime Hse,1.27676861098316,103.84059222200347
05629,Cantonment Rd,Opp Southpoint,1.273211389,103.84187
05631,Cantonment Link,Blk 16,1.27346055934188,103.84034718190608
05641,Keppel Rd,Bef Cantonment Rd,1.27272393115133,103.84140618785226
05649,Keppel Rd,Opp Customs Port Br HQ,1.2723842122117,103.84093912218094
05651,Tg Pagar Rd,Opp Fuji Xerox Twrs,1.273218611,103.8430731
06011,Outram Rd,OUTRAM PK STN EXIT 7,1.28165999996967,103.83801388886192
06029,Outram Rd,OUTRAM PK STN EXIT 1,1.28177041153491,103.8383828488293
06031,Chin Swee Rd,Opp Blk 13,1.28607055552165,103.83879166662209
06039,Chin Swee Rd,Blk 8,1.28705997883119,103.83962555611693
06049,Outram Rd,BEF OUTRAM FLYOVER,1.28474856880259,103.83517705055233
06051,Tiong Bahru Rd,Blk 55,1.28475980959972,103.83405671725487
06069,Outram Rd,Aft Furama RiverFront,1.28623157720487,103.83496162445665
06071,Zion Rd,HAVELOCK STN EXIT 2,1.28685859481289,103.83360028266564
06081,Zion Rd,HAVELOCK STN EXIT 3,1.28837086415387,103.83349881780524
06129,Kim Seng Rd,Grand Copthorne Hotel,1.29078162052352,103.83440916705554
06131,Zion Rd,Aft Blk 87,1.29152472200833,103.83222750001508
06141,Havelock Rd,HAVELOCK STN EXIT 5,1.28963300933974,103.83381241921823
06149,Havelock Rd,HAVELOCK STN EXIT 4,1.28984045728104,103.83411526676929
06151,Havelock Rd,Hotel Miramar,1.28870976841461,103.83737276969174
06159,Havelock Rd,Opp Hotel Miramar,1.28909385421188,103.8368794036018
06161,Havelock Rd,Blk 2,1.28901705678419,103.83994286096711
06169,Havelock Rd,River Pl Condo,1.28937078931125,103.83998944937589
06171,Upp Cross St,Opp State Ct,1.286101944,103.8425356
06189,Havelock Rd,Ctrl Sq,1.28779136477868,103.84329428089559
07011,Selegie Rd,Peace Ctr,1.30099699058522,103.8498101874305
07021,Selegie Rd,Selegie Ctr,1.30324521574524,103.84995776766847
07031,S'goon Rd,Tekka Ctr,1.30572083298412,103.85120583303191
07111,S'goon Rd,Broadway Hotel,1.30879366465919,103.8531751994068
07211,S'goon Rd,Aft Farrer Pk Stn Exit G,1.31313747728456,103.8563561439714
07221,S'goon Rd,Sri Vadapathira K Tp,1.314966,103.857819
07231,Kitchener Rd,Bef Tai Hoe Hotel,1.309658889,103.8573711
07241,Lavender St,Bef S'Goon Rd,1.31557142083242,103.85900616698896
07249,Lavender St,Aft Kempas Rd,1.315368056,103.8594669
07319,Jln Besar,Aft Allenby Rd,1.31038833299803,103.85870666696984
07329,Jln Besar,Hoa Nam Bldg,1.31284472583438,103.85989088288474
07331,Kitchener Rd,Aft King George's Ave,1.30824994545395,103.8589096071918
07351,Lavender St,ARC 380,1.31351833300073,103.86054527803076
07359,Lavender St,OPP ARC 380,1.31368253065979,103.86071451807119
07361,Lavender St,Bef Kallang Bahru,1.31167636068313,103.86189483728585
07369,Lavender St,Aft Kallang Bahru,1.31140805601851,103.86237888899062
07371,Lavender St,Aft Kallang Rd,1.30950750000455,103.86350138902452
07379,Lavender St,Aperia/Bef Kallang Rd,1.31017336740849,103.86338225534827
07419,Jln Besar,Opp Veerasamy Rd,1.30653024120879,103.8561630249311
07517,Bencoolen St,IBIS S'PORE ON BENCOOLEN,1.30145216158073,103.85247781934106
07518,Bencoolen St,OPP NAFA CAMPUS 3,1.30095828368506,103.85211175034802
07529,Jln Besar,JLN BESAR STN EXIT A,1.30431906266143,103.85501564257024
07531,Rochor Canal Rd,Rochor Stn,1.30365644370093,103.8525732326128
07539,Sungei Rd,Bef Rochor Stn Exit B,1.30461300741211,103.8520009720951
07551,Rochor Rd,Fu Lu Shou Cplx,1.30171975809706,103.8546132267025
07561,Middle Rd,Bef Waterloo St,1.29945446471936,103.85267983857253
07569,Middle Rd,Aft Waterloo St,1.29949531348401,103.85301395376233
07571,Middle Rd,SUNSHINE PLAZA,1.30063444632288,103.85114009314601
07589,Ophir Rd,Ch of Our Lady of Lourdes,1.30320609782822,103.85549999983388
08011,Clemenceau Ave,Opp Haw Par Glass Twr,1.29706985017362,103.84361028672502
08019,Clemenceau Ave,Aft Haw Par Glass Twr,1.29624633745957,103.84407009228418
08031,Penang Rd,Dhoby Ghaut Stn Exit B,1.29831153783592,103.8452569595532
08041,Orchard Rd,YMCA,1.29811014243867,103.84780636909545
08057,Orchard Rd,Dhoby Ghaut Stn,1.29930997279734,103.84529021429745
08058,Orchard Rd,Aft Dhoby Ghaut Stn,1.2989583431631,103.84654115271174
08069,Bras Basah Rd,Bencoolen Stn Exit B,1.29821382250893,103.84936128375956
08079,Prinsep St,Sch of the Arts,1.29921444445586,103.84910329217985
08111,Penang Rd,Winsland Hse,1.29986928715834,103.84093746088925
08121,Somerset Rd,Somerset Stn,1.30027569326586,103.83877618459663
08137,Orchard Rd,Orchard Plaza,1.30073968408393,103.84100500816844
08138,Orchard Rd,Concorde Hotel S'pore,1.3004785730821,103.84184700607595
09011,Orchard Turn,Opp Ngee Ann City,1.30211335092372,103.83431672376756
09022,Orchard Blvd,ORCHARD STN EXIT 13,1.30252834773643,103.83239784275958
09023,Orchard Turn,Opp Orchard Stn/ION,1.30323727330942,103.83254180023424
09037,Orchard Rd,Bef Cairnhill Rd,1.3023400420296,103.83701253388183
09038,Orchard Rd,Opp Somerset Stn,1.30154262450563,103.83852481842337
09047,Orchard Rd,Orchard Stn/Tang Plaza,1.30446065207443,103.83294467208566
09048,Orchard Rd,Orchard Stn/Lucky Plaza,1.30386684425114,103.83413070051408
09059,Grange Rd,Somerset Youth Pk,1.30044251755834,103.83623804216019
09111,Orchard Blvd,Opp Four Seasons Hotel,1.30453752623147,103.82914529614989
09121,Orchard Blvd,Bef Tomlinson Rd,1.30397379238249,103.82699645124522
09131,Grange Rd,OPP ORCHARD BLVD STN,1.30391999998489,103.82333805603095
09139,Grange Rd,ORCHARD BLVD STN EXIT 1,1.303528,103.823585
09141,Napier Rd,British Council,1.30543500002797,103.82177666702269
09149,Napier Rd,Opp British Council,1.30608981381948,103.8212215023314
09159,Tanglin Rd,Aft Tomlinson Rd,1.30602637557418,103.82568042620605
09169,Orchard Rd,Delfi Orchard,1.3070135326348,103.82835507326037
09179,Orchard Rd,Royal Thai Embassy,1.30587966240898,103.83049004618626
09191,Tomlinson Rd,Aft Cuscaden Rd,1.30488653118311,103.82549755834486
09212,Scotts Rd,Royal Plaza On Scotts,1.30702238421536,103.83265522662566
09213,Scotts Rd,Thong Teck Bldg,1.30783805600034,103.83305083303023
09219,Scotts Rd,Far East Plaza,1.30731999685228,103.83316088291699
10009,Bt Merah Ctrl,Bt Merah Int,1.28210155945393,103.81722480263163
10011,New Bridge Rd,BEF NEIL RD,1.2777380589964,103.83749709165197
10017,Eu Tong Sen St,Aft Hosp Dr,1.27832046633393,103.83762574759974
10018,Eu Tong Sen St,OUTRAM PK STN EXIT 6/SGH,1.27900819665099,103.83860360621959
10021,Neil Rd,Blk 3,1.27744837946643,103.83838894560753
10041,Kg Bahru Rd,BEF KAMPONG BAHRU TER,1.27605834770353,103.83519065305671
10049,Kg Bahru Rd,OPP KAMPONG BAHRU TER,1.27623302424393,103.83483786772155
10051,Jln Bt Merah,Blk 149,1.2774116353284,103.83214410914843
10059,Jln Bt Merah,Opp Blk 149,1.27739664167497,103.83275178077875
10061,Jln Bt Merah,Blk 140,1.27860472196885,103.82948638898173
10069,Jln Bt Merah,Opp Blk 140,1.27855472196877,103.83008250001669
10071,Jln Bt Merah,Blk 111,1.28045309423663,103.82638920754815
10079,Jln Bt Merah,Blk 201,1.2803950142786,103.82708906887606
10081,Jln Bt Merah,Opp Blk 120,1.2822783541702,103.82241744338572
10089,Jln Bt Merah,Blk 119,1.28292332245689,103.82165660905856
10091,Jln Bt Merah,Bt Merah Town Ctr,1.28394108576437,103.81783962251122
10099,Jln Bt Merah,Opp Bt Merah Town Ctr,1.28420923932422,103.81765723225827
10101,Jln Bt Merah,OPP BT MERAH SEC SCH,1.28506195168861,103.8137833011436
10109,Jln Bt Merah,BT MERAH SEC SCH,1.28535315729277,103.81370529674271
10111,Jln Bt Merah,Opp Blk 28,1.28592835098556,103.80935410958449
10119,Jln Bt Merah,Opp Pacific Tech Ctr,1.28598009010704,103.81122515087834
10121,Kim Tian Rd,Blk 126 CP,1.28259924598805,103.82890541983913
10129,Kim Tian Rd,Blk 121,1.28231999999009,103.8285719444802
10131,Jln Bt Merah,Opp Blk 2,1.28619141382394,103.80686549059318
10139,Jln Bt Merah,Blk 1,1.28635135443034,103.8081000223439
10141,Tiong Bahru Rd,Blk 18,1.28583847140468,103.83238179897589
10149,Tiong Bahru Rd,Blk 1,1.28606797463712,103.83283384311112
10151,Tiong Bahru Rd,Ctrl Green Condo,1.28572048365401,103.8285292287095
10161,Tiong Bahru Rd,Opp Tiong Bahru Stn,1.28593135445772,103.82668969231534
10169,Tiong Bahru Rd,Tiong Bahru Stn,1.28599961406266,103.82748123930962
10171,Tiong Bahru Rd,Opp Tiong Bahru Pk,1.28736808047078,103.82346004890803
10179,Tiong Bahru Rd,Tiong Bahru Pk,1.28722333302937,103.82395833301354
10181,Tiong Bahru Rd,BEF AR-RABITAH MQUE,1.28850399420484,103.82109741719866
10189,Tiong Bahru Rd,Blk 104A CP,1.28858805222806,103.82183192865197
10191,Tiong Bahru Rd,Blk 78,1.28860026020096,103.81903121724014
10199,Tiong Bahru Rd,Delta Swim Cplx,1.28875723330649,103.81936618662205
10201,Tiong Bahru Rd,Opp Redhill Stn,1.28928144532567,103.81662854691157
10209,Tiong Bahru Rd,Redhill Stn,1.28954631749853,103.81672885450702
10211,Leng Kee Rd,Porsche Ctr S'pore,1.29075499997303,103.81144166700754
10219,Leng Kee Rd,Opp Motor Image,1.290835,103.81181
10221,Ganges Ave,Ganges Ctr,1.29032906602668,103.83111793441608
10229,Ganges Ave,Opp Harvest Mansions,1.29052137840164,103.83178189529583
10231,Ganges Ave,Blk 51 CP,1.29041850946952,103.82788100149519
10239,Ganges Ave,Blk 79,1.29060688839488,103.82865297447873
10241,Alexandra Rd,Gan Eng Seng Sec Sch,1.2906166672167,103.82362326803131
10249,Alexandra Rd,Opp Gan Eng Seng Sec Sch,1.29088138899671,103.82407777797806
10261,Alexandra Rd,Delta Sports Hall,1.29090335842692,103.82047232884216
10269,Alexandra Rd,Opp Delta Sports Hall,1.29125331927458,103.82057583280772
10271,Alexandra Rd,Opp Tanglin View,1.29115999997607,103.81757666701353
10279,Alexandra Rd,Tanglin View,1.29151373164978,103.81757660887743
10281,Alexandra Rd,SIS Bldg,1.29153833298318,103.81445166697797
10289,Alexandra Rd,Opp SIS Bldg,1.2918699745378,103.81440639448375
10291,Alexandra Rd,Opp Dawson Pl,1.29215855273858,103.81065866068086
10299,Alexandra Rd,Aft Dawson Pl,1.29233498466278,103.81146486767658
10321,Tanglin Rd,Aft Margaret Dr,1.29428332949691,103.81587839882768
10329,Tanglin Rd,Crescent Girls' Sch,1.29364671283262,103.81597460107542
10331,Henderson Rd,Bef Bt Merah Ctrl,1.28136306628839,103.81834423228645
10339,Henderson Rd,Aft Bt Merah Ctrl,1.28115835063292,103.81857250844851
10341,Henderson Rd,Opp Blk 116,1.28484639603431,103.82059301467888
10349,Henderson Rd,Blk 116,1.284977,103.821011
10351,Henderson Rd,Blk 95B,1.28675501760897,103.82204990181914
10359,Henderson Rd,Opp Blk 95C,1.28723833324362,103.82259298997768
10361,Lower Delta Rd,Cendex Ctr,1.28038092060065,103.82353025808791
10369,Lower Delta Rd,Opp Cendex Ctr,1.28037471151153,103.82387343933006
10371,Lower Delta Rd,Blk 129,1.28365072319387,103.824502653383
10379,Lower Delta Rd,Blk 25B,1.28373603376667,103.82489520929732
10381,Lower Delta Rd,Opp Blk 48,1.28906972186602,103.82559411728036
10389,Lower Delta Rd,Blk 48,1.28875832991208,103.82573455047122
10391,Kg Bahru Rd,Opp Melati Blk 2,1.27627105343758,103.8312563936613
10399,Kg Bahru Rd,Melati Blk 2,1.27588166292683,103.83019454205221
10401,Hoy Fatt Rd,Shriro Hse,1.28816729863,103.81167850401884
10409,Hoy Fatt Rd,Blk 50,1.28788221830638,103.81099317775703
10411,Hoy Fatt Rd,Opp Blk 53,1.28912979528004,103.81280840030111
10419,Hoy Fatt Rd,Blk 52,1.28842024220748,103.81257549749508
10421,Lengkok Bahru,Blk 63B,1.288964,103.814975
10429,Lengkok Bahru,Blk 54,1.2892779060127,103.81404805422201
10431,Lengkok Bahru,ENABLING VILLAGE,1.287195,103.813984
10439,Lengkok Bahru,OPP ENABLING VILLAGE,1.28747956947939,103.81418936580334
10441,Lengkok Bahru,Opp Blk 44,1.28656898930199,103.8116061687213
10449,Lengkok Bahru,Blk 44,1.28666552495266,103.81195378046979
10451,Redhill Rd,Opp Blk 71,1.28762380319765,103.8172559639682
10459,Redhill Rd,Blk 72,1.28754723360397,103.81639920301684
10461,Kay Siang Rd,Aft Margaret Dr,1.29680597432594,103.81169140516062
10469,Kay Siang Rd,Bef Margaret Dr,1.29668400003303,103.81216918970023
10471,Kay Siang Rd,Bef Tanglin Rd,1.29679993078344,103.81468220659576
10479,Kay Siang Rd,Aft Tanglin Rd,1.29668100002552,103.81547381025995
10481,Redhill Cl,Opp Blk 73,1.28784195484767,103.81797160113335
10489,Redhill Cl,Blk 73,1.28811638897142,103.81778388900163
10499,Spooner Rd,KAMPONG BAHRU TER,1.27585400417691,103.83401000002084
10501,Jln Bt Merah,Blk 104,1.28105845355429,103.82528065411316
10519,Delta Rd,Blk 4,1.291728,103.826122
10599,Jln Rumah Tinggi,Opp Blk 36,1.28883435010664,103.80924997344987
10651,Bt Merah Ctrl,Blk 161,1.28329993019059,103.81547665017668
10659,Bt Merah Ctrl,Blk 1003,1.28362333298689,103.81472833301791
11001,Ghim Moh Rd,Opposite Ghim Moh Terminal,1.311072,103.789159
11009,Ghim Moh Rd,Ghim Moh Ter,1.3110673548964,103.78932237623975
11019,Jln Bt Merah,Bef Blk 2,1.28679632523156,103.80565677295323
11021,Queensway,Aft Queenstown NPC HQ,1.28941805603102,103.80228694398484
11029,Queensway,Blk 166/Aft Mei Chin Rd,1.29013472201419,103.80202111098815
11031,Queensway,Opp Queen's Cl,1.29119666696879,103.80045500000118
11039,Queensway,Blk 19,1.29245762862665,103.79998683928974
11041,Queensway,Aft C'wealth Dr,1.29624499998226,103.79952333299494
11049,Queensway,Opp Blessed Sacrament Ch,1.2954609366563,103.79952549937242
11051,Queensway,Opp Queenstown Polyclinic,1.29872166703909,103.8002979755481
11059,Queensway,Queenstown Polyclinic,1.29882892782979,103.80097389222824
11061,Queensway,Opp Queensway Sec Sch,1.30265777802206,103.80118694402536
11069,Queensway,Queensway Sec Sch,1.30236853162324,103.80161762237655
11071,Queensway,Blk 97,1.30621305601609,103.80170944396954
11079,Queensway,Opp Blk 95,1.305441389003,103.80185250000659
11081,Queensway,Viz Holland,1.30851972202313,103.80258027799627
11089,Queensway,Opp Holland Hill Lodge,1.30946135492693,103.80334087354639
11091,Farrer Rd,Leedon Green,1.31219444050072,103.80367378215983
11099,Farrer Rd,Opp Leedon Green,1.31305333300118,103.80437666697586
11101,Farrer Rd,Farrer Rd Mkt,1.31614971080385,103.80596012189226
11109,Farrer Rd,Spanish Village,1.31552472199926,103.80574305602846
11111,Farrer Rd,Farrer Rd Stn Exit B,1.31780157259006,103.80771866952543
11119,Farrer Rd,Farrer Rd Stn Exit A,1.31747833490912,103.80785606728587
11131,C'wealth Ave,Queens Condo,1.2928849988829,103.80706694417339
11139,C'wealth Ave,Blk 53A CP,1.2931986108138,103.80744694841283
11141,C'wealth Ave,Queenstown Stn Exit A/D,1.29463705145492,103.80582510668431
11149,C'wealth Ave,Queenstown Stn Exit B/C,1.29506407111991,103.80596280094791
11151,C'wealth Ave,Blk 42,1.29863585845076,103.80247592925552
11159,C'wealth Ave,Aft Ch Of Our Saviour,1.29800440816386,103.80362656855579
11161,C'wealth Ave,C'Wealth Stn Exit A/D,1.30213305598263,103.79839083302141
11169,C'wealth Ave,C'Wealth Stn Exit B/C,1.30270500001823,103.79838166697326
11171,C'wealth Ave,Opp Blk 7B,1.30535666699303,103.79479722196947
11179,C'wealth Ave,Blk 8,1.30627521395682,103.79427940117534
11181,C'wealth Ave,Opp Blk 43,1.30722333300814,103.79227638896938
11189,C'wealth Ave,Blk 43,1.30740138898924,103.79254222202354
11191,C'wealth Ave West,The Star Vista,1.30801640815091,103.7883731546267
11199,C'wealth Ave West,Blk 15,1.30837970735444,103.78843145303215
11201,Holland Rd,CSC Dempsey Clubhse,1.30692642897557,103.81186453577433
11209,Holland Rd,Opp Peirce Rd,1.30817280849852,103.81038349817638
11211,Holland Rd,Aft Peirce Rd,1.30838779885113,103.80939522851014
11219,Holland Rd,Great Eastern Mansions,1.30988506093033,103.80716407830104
11221,Holland Rd,Lien Twrs,1.310019,103.805506
11229,Holland Rd,Sommerville Pk,1.31060065879064,103.80522542227166
11231,Holland Rd,Aft Hyll on Holland,1.31115316310297,103.80119919777994
11239,Holland Rd,Fairlodge,1.31152857401616,103.80165517330278
11259,Holland Dr,Opp Blk 21,1.31119887945564,103.79274002213417
11261,Holland Rd,Holland Village,1.31223168432152,103.79444621838488
11269,Holland Rd,Opp Holland Village,1.31256112590195,103.79453796697418
11271,Holland Rd,Aft East Sussex Lane,1.31473444398294,103.79008416699845
11279,Holland Rd,Aft Coronation Rd West,1.31466878886978,103.79069259768109
11281,Holland Rd,Aft Tan Boon Chong Ave,1.31622694399746,103.78852194399074
11289,Holland Rd,Opp Tan Boon Chong Ave,1.31618891387774,103.78904342517946
11291,Holland Rd,Cold Storage Jelita,1.31792777802094,103.78592333300938
11299,Holland Rd,Opp Cold Storage Jelita,1.31826975603165,103.78558843680226
11301,Sixth Ave,Hse No. 578,1.31803972093441,103.78790067716272
11309,Sixth Ave,Hse No. 589,1.31862443850443,103.78842993526158
11311,Sixth Ave,Hse No. 532,1.31989638898836,103.78918694402276
11319,Sixth Ave,Opp Hse No. 516,1.3203063798654,103.78959970624805
11321,Sixth Ave,Opp Regent Villa,1.32123138902898,103.79010361098513
11329,Sixth Ave,Regent Villa,1.32236139685053,103.7909809400838
11331,Sixth Ave,Opp Dynasty Gdn II,1.32320918827361,103.79144668575621
11339,Sixth Ave,Dynasty Lodge,1.32398638897489,103.79204722198944
11341,Sixth Ave,Garlick Ville,1.32551506183496,103.79282790894261
11349,Sixth Ave,Opp Garlick Ville,1.325628,103.79304
11351,Ghim Moh Rd,Blk 13,1.30934571218561,103.78945112775229
11359,Ghim Moh Rd,Opp Blk 13,1.30931022636473,103.78968608347117
11361,Nth Buona Vista Rd,Buona Vista Stn Exit C,1.30649698638726,103.79058123542397
11369,Nth Buona Vista Rd,Buona Vista Stn Exit D,1.3063259638605,103.79084827741467
11379,Nth Buona Vista Rd,Buona Vista Ter,1.30917002463976,103.79236323128613
11381,Holland Dr,Blk 10A,1.30841137865065,103.79328294102335
11389,Holland Dr,Buona Vista CC,1.30906501014268,103.7929321687807
11401,Holland Ave,Holland V Stn/Blk12,1.30906722197973,103.79507444402137
11409,Holland Ave,Blk 9,1.3076441670056,103.79432583301961
11419,Holland Ave,Holland V Stn Exit A,1.31102981378085,103.79604399202725
11429,C'wealth Dr,Opp Blk 115B,1.30454000002017,103.7983633329984
11439,C'wealth Dr,Blk 92,1.30606472198412,103.80029777801455
11441,C'wealth Dr,Blk 58,1.29780416697573,103.79754055603178
11449,C'wealth Dr,Blk 37B,1.29840527801842,103.79760333302292
11451,C'wealth Dr,Blk 72,1.30034972200468,103.79707277801477
11459,C'wealth Dr,Blk 50,1.30097055597804,103.7968519439962
11469,Margaret Dr,Queensway Sec Sch,1.30113503392421,103.80188584326886
11471,Margaret Dr,Opp The Fisherman Ch,1.29951892595663,103.80315156606572
11481,Margaret Dr,Queenstown Lib,1.29811518922625,103.8060054035445
11489,Margaret Dr,Blk 30,1.298817,103.804395
11491,Margaret Dr,Opp Queenstown Pr Sch,1.29710202847016,103.8076364994003
11499,Margaret Dr,Queenstown Pr Sch,1.29685053610951,103.80788663334461
11511,Alexandra Rd,Alexandra Hosp,1.2859468736223,103.80251884462385
11519,Alexandra Rd,Opp Queensway Shop Ctr,1.28665742231261,103.80334129425303
11521,Alexandra Rd,Anchorpoint,1.2885710102662,103.80543003047167
11529,Alexandra Rd,Bef IKEA Ind Bldg,1.28903120647732,103.8060909305284
11531,Alexandra Rd,Opp Lea Hin Hardware Fty,1.29108833302538,103.80753083302794
11539,Alexandra Rd,Lea Hin Hardware Fty,1.29117049549107,103.80786180498694
11541,Stirling Rd,Opp Queens,1.29235984013148,103.80578500139798
11551,Stirling Rd,Tiong Ghee Tp,1.29126703051517,103.8040959835246
11561,Stirling Rd,Blk 166,1.29107396045212,103.80247592924283
11579,Mei Ling St,Blk 158,1.29256489056942,103.80303321252237
11589,Mei Ling St,Blk 157,1.292991881006,103.80400524995773
11599,Mei Ling St,Blk 153,1.29420805600708,103.80314888900556
11609,Mei Chin Rd,Blk 163,1.29188972202709,103.80212194401808
12021,Holland Rd,Bef Moonbeam Wk,1.31907638897016,103.78243055601493
12029,Holland Rd,Opp Moonbeam Wk,1.31958369390988,103.7824392109149
12031,Ulu Pandan Rd,Pandan Valley Condo,1.3208008510991,103.7796285552172
12039,Ulu Pandan Rd,Opp Pandan Valley Condo,1.32104526183447,103.78018998386835
12041,Ulu Pandan Rd,Aft Pandan Valley,1.32049172685895,103.77653442120544
12049,Ulu Pandan Rd,Opp Pandan Valley,1.32091131971837,103.77655888991401
12051,Ulu Pandan Rd,Pine Gr Condo,1.3204289505949,103.7750613105408
12059,Ulu Pandan Rd,Opp Pine Gr Condo,1.32072731097778,103.77515897833835
12061,Clementi Rd,Blk 109,1.32178500189496,103.77087339859139
12069,Clementi Rd,Opp Blk 109A,1.321433056,103.7710419
12071,Clementi Rd,Blk 116,1.32402249998323,103.77219388896603
12079,Clementi Rd,Opp Blk 116,1.32383187575187,103.77263094375739
12081,Clementi Rd,Clementi N'hood Pk,1.326468056,103.77543
12089,Clementi Rd,Opp Maju Camp,1.326261111,103.7757089
12091,Clementi Rd,SIM Campus,1.32918315486756,103.7771471166854
12099,Clementi Rd,Opp SIM Campus,1.327838056,103.7767036
12101,Clementi Rd,Ngee Ann Poly,1.33243896358504,103.77768506316727
12109,Clementi Rd,Opp Ngee Ann Poly,1.330819444,103.7780086
12111,Ulu Pandan Rd,Bef Clementi Rd,1.3191179107649,103.77222980786665
12119,Ulu Pandan Rd,Police KINS Trg Camp,1.31964598192789,103.77279266281438
12121,Ghim Moh Rd,Blk 7,1.31164833301814,103.7871516670319
12129,Ghim Moh Rd,Blk 3,1.31182111096862,103.78732611099163
12131,Mt Sinai Rd,Aft Grove Ave,1.3141594439742,103.785061666981
12139,Mt Sinai Rd,Aft Mt Sinai Lane,1.31453185933289,103.78504157068625
12141,Mt Sinai Rd,Opp Henry Pk,1.31574389841394,103.78239154819083
12149,Mt Sinai Rd,Henry Pk,1.31576900455367,103.78266099158458
12151,Moonbeam Walk,Bef Moonbeam Terr,1.31865064467378,103.78127574919664
12169,Pandan Valley,Pandan Valley,1.31916549240365,103.77724170687915
12179,Mt Sinai Rise,Montview,1.31679504687757,103.7769949436126
12189,Mt Sinai Rise,Bef Mt Sinai Dr,1.31642693680141,103.78022402243116
12199,Mt Sinai Rise,Opp Village Twr,1.31547998901343,103.77820622498255
12201,Clementi Ave 6,Logishub @ Clementi,1.32670826856501,103.76399509585458
12209,Clementi Ave 6,Opp Logishub @ Clementi,1.32653202760922,103.76429968220569
12211,Mt Sinai Dr,Bef Mt Sinai Wk,1.31721336095462,103.78070712088581
13011,Napier Rd,NAPIER STN EXIT 2,1.306504,103.81932
13019,Napier Rd,NAPIER STN EXIT 1,1.3067380217198,103.82013079894885
13021,Holland Rd,Aft Min Of Foreign Affairs,1.30633972996805,103.81430670816292
13029,Holland Rd,Bef Tyersall Ave,1.30671783282361,103.8145185880206
13031,Tanglin Rd,Opp Chatsworth Rd,1.29912972200223,103.81707388901162
13039,Tanglin Rd,Bef Chatsworth Rd,1.29981572699945,103.81744265557978
13041,Tanglin Rd,Aft Camp Rd,1.30242834318416,103.81967634723284
13049,Tanglin Rd,Bef Rochalie Dr,1.30261671321463,103.82045069624506
13051,River Valley Rd,Opp Valley Pt,1.29334305906356,103.8263656209055
13059,River Valley Rd,Valley Pt,1.29328273601932,103.82663492676832
13062,River Valley Rd,STELLAR RV,1.29476674399435,103.82853268161283
13063,River Valley Rd,RV SUITES,1.29534692836828,103.82964309110659
13069,River Valley Rd,RV RESIDENCES,1.29488000002792,103.82880805602646
13071,River Valley Rd,Great World Stn Exit 5,1.296335,103.832936
13079,River Valley Rd,GREAT WORLD STN EXIT 4,1.29612213279141,103.83229211134126
13081,River Valley Rd,St. Thomas Wk,1.2959113890106,103.83624277798825
13089,River Valley Rd,Opp St. Thomas Wk,1.29575111096804,103.83604111103381
13091,River Valley Rd,AFT KIM YAM RD,1.29593138900491,103.83937805601917
13099,River Valley Rd,BEF KIM YAM RD,1.29578024244395,103.83961272081199
13101,River Valley Rd,Opp Mohd Sultan Rd,1.29414162678811,103.84231209757696
13109,River Valley Rd,UE Sq/Bef Mohd Sultan Rd,1.29350944398488,103.84272416702719
13119,Kim Seng Rd,Opp Great World City,1.293615,103.832759
13121,Zion Rd,Opp Great World City,1.29409221679274,103.8308377640795
13139,Kim Seng Rd,The Trillium,1.2950426189642,103.83205533028763
13141,Hoot Kiam Rd,Aft Zion Full Gospel Ch,1.29763682834545,103.82997986347917
13159,Irwell Bank Rd,Bef Zion Full Gospel Ch,1.29796011528522,103.83053183555204
13169,Grange Rd,Grange 80 Condo,1.29910305180416,103.82839289158527
13171,Grange Rd,Gramercy Pk,1.29906809120339,103.82650703485064
13179,Grange Rd,Cliveden At Grange,1.29925749997453,103.82665250000115
13181,Grange Rd,Aft One Tree Hill,1.30023223661153,103.82403473005562
13189,Grange Rd,Bef One Tree Hill,1.30038166697497,103.82414749997376
13191,Paterson Rd,OPP ORCHARD STN EXIT 12,1.302461,103.8297819
13199,Paterson Rd,AFT ORCHARD STN EXIT 12,1.302127,103.829875
13201,Tanglin Rd,British High Commission,1.30453622259471,103.82209559895128
13209,Tanglin Rd,Opp British High Comsn,1.3040310710651,103.82205605505206
14009,Seah Im Rd,HarbourFront Int,1.26703502614245,103.81901469907409
14011,Kg Bahru Rd,Bef Mt Faber Lodge,1.26795444401606,103.8255261109799
14019,Kg Bahru Rd,Opp Mt Faber Lodge,1.2684889249437,103.82571717446542
14021,Lower Delta Rd,The Pearl @ Mt Faber,1.27132972198996,103.82478361101728
14029,Lower Delta Rd,Blk 105,1.27247333301883,103.82418777803016
14031,Lower Delta Rd,St. Theresa's Convent,1.27624277802151,103.82306027800865
